{
  "target": "category",
  "mode": "bow",
  "seed": 42,
  "vectorizer_cfg": {
    "min_df": 2,
    "max_features": 200000,
    "ngram_min": 1,
    "ngram_max": 2
  },
  "svd_dim": null,
  "emb_dim": null,
  "buckets": null,
  "metrics": {
    "macro_f1": 0.9901799687010954,
    "weighted_f1": 0.9900639671361502,
    "accuracy": 0.99
  },
  "footprint": {
    "feature_dim": 805,
    "sparsity_ratio_est": 0.9856366459627329,
    "sparse_mb_est": 0.06970596313476562,
    "dense_mb_est": null
  },
  "timing": {
    "fit_s": 0.04668559998390265,
    "predict_s": 0.002816799998981878
  }
}