{
  "target": "priority",
  "results": [
    {
      "mode": "onehot",
      "metrics": {
        "macro_f1": 0.5415703934370959,
        "weighted_f1": 0.5661422733976397,
        "accuracy": 0.575,
        "p0p1_recall": 0.8235294117647058,
        "p0p1_precision": 0.8654545454545455,
        "confusion_matrix": [
          [
            74,
            37
          ],
          [
            51,
            238
          ]
        ]
      },
      "footprint": {
        "feature_dim": 799,
        "sparsity_ratio_est": 0.9842723326032541,
        "sparse_mb_est": 0.07558822631835938,
        "dense_mb_est": null
      },
      "timing": {
        "fit_s": 0.05962590000126511,
        "predict_s": 0.0031464999774470925
      },
      "out_dir": "artifacts\\feature_baselines\\priority\\onehot"
    },
    {
      "mode": "bow",
      "metrics": {
        "macro_f1": 0.5415703934370959,
        "weighted_f1": 0.5661422733976397,
        "accuracy": 0.575,
        "p0p1_recall": 0.8235294117647058,
        "p0p1_precision": 0.8654545454545455,
        "confusion_matrix": [
          [
            74,
            37
          ],
          [
            51,
            238
          ]
        ]
      },
      "footprint": {
        "feature_dim": 799,
        "sparsity_ratio_est": 0.9842723326032541,
        "sparse_mb_est": 0.07558822631835938,
        "dense_mb_est": null
      },
      "timing": {
        "fit_s": 0.0633811000152491,
        "predict_s": 0.00285799999255687
      },
      "out_dir": "artifacts\\feature_baselines\\priority\\bow"
    },
    {
      "mode": "tfidf",
      "metrics": {
        "macro_f1": 0.5457261703639299,
        "weighted_f1": 0.5755850488813712,
        "accuracy": 0.595,
        "p0p1_recall": 0.8546712802768166,
        "p0p1_precision": 0.8666666666666667,
        "confusion_matrix": [
          [
            73,
            38
          ],
          [
            42,
            247
          ]
        ]
      },
      "footprint": {
        "feature_dim": 799,
        "sparsity_ratio_est": 0.9842723326032541,
        "sparse_mb_est": 0.07558822631835938,
        "dense_mb_est": null
      },
      "timing": {
        "fit_s": 0.04814780000015162,
        "predict_s": 0.0033811000175774097
      },
      "out_dir": "artifacts\\feature_baselines\\priority\\tfidf"
    },
    {
      "mode": "svd",
      "metrics": {
        "macro_f1": 0.5631065200201658,
        "weighted_f1": 0.5787223230222787,
        "accuracy": 0.58,
        "p0p1_recall": 0.8269896193771626,
        "p0p1_precision": 0.8851851851851852,
        "confusion_matrix": [
          [
            80,
            31
          ],
          [
            50,
            239
          ]
        ]
      },
      "footprint": {
        "feature_dim": 256,
        "sparsity_ratio_est": null,
        "sparse_mb_est": null,
        "dense_mb_est": 1.0
      },
      "timing": {
        "fit_s": 1.702787599992007,
        "predict_s": 0.007201100001111627
      },
      "out_dir": "artifacts\\feature_baselines\\priority\\svd"
    },
    {
      "mode": "embbag",
      "metrics": {
        "macro_f1": 0.5894165855755666,
        "weighted_f1": 0.6056517801182898,
        "accuracy": 0.625,
        "p0p1_recall": 0.8546712802768166,
        "p0p1_precision": 0.8666666666666667,
        "confusion_matrix": [
          [
            73,
            38
          ],
          [
            42,
            247
          ]
        ]
      },
      "footprint": {
        "feature_dim": 128,
        "sparsity_ratio_est": null,
        "sparse_mb_est": null,
        "dense_mb_est": 0.25
      },
      "timing": {
        "fit_s": 0.49542369999107905,
        "predict_s": 0.034348900022450835
      },
      "out_dir": "artifacts\\feature_baselines\\priority\\embbag"
    }
  ]
}