{
  "target": "priority",
  "model": "svm",
  "split_strategy": "time",
  "test_size": 0.2,
  "seed": 42,
  "n_rows": 1886,
  "macro_f1": 0.5739883253664039,
  "weighted_f1": 0.6328154462334966,
  "accuracy": 0.6481481481481481
}