{
  "target": "category",
  "model": "logreg",
  "test_size": 0.2,
  "seed": 42,
  "n_rows": 1886,
  "macro_f1": 0.9845129834766005,
  "weighted_f1": 0.984109235596667,
  "accuracy": 0.9841269841269841
}