{
  "target": "category",
  "model": "logreg",
  "test_size": 0.2,
  "seed": 42,
  "split_strategy": "time",
  "n_rows": 1886,
  "macro_f1": 0.9951650199705696,
  "weighted_f1": 0.9947067701955237,
  "accuracy": 0.9947089947089947
}