{
  "target": "priority",
  "mode": "svd",
  "seed": 42,
  "vectorizer_cfg": {
    "min_df": 2,
    "max_features": 200000,
    "ngram_min": 1,
    "ngram_max": 2
  },
  "svd_dim": 256,
  "emb_dim": null,
  "buckets": null,
  "metrics": {
    "macro_f1": 0.5631065200201658,
    "weighted_f1": 0.5787223230222787,
    "accuracy": 0.58,
    "p0p1_recall": 0.8269896193771626,
    "p0p1_precision": 0.8851851851851852,
    "confusion_matrix": [
      [
        80,
        31
      ],
      [
        50,
        239
      ]
    ]
  },
  "footprint": {
    "feature_dim": 256,
    "sparsity_ratio_est": null,
    "sparse_mb_est": null,
    "dense_mb_est": 1.0
  },
  "timing": {
    "fit_s": 1.702787599992007,
    "predict_s": 0.007201100001111627
  }
}