{
  "target": "category",
  "model": "nb",
  "split_strategy": "stratified",
  "test_size": 0.2,
  "seed": 42,
  "n_rows": 1886,
  "macro_f1": 0.9820922211271079,
  "weighted_f1": 0.9814870498535392,
  "accuracy": 0.9814814814814815
}