{
  "target": "priority",
  "model": "rf",
  "split_strategy": "stratified",
  "test_size": 0.2,
  "seed": 42,
  "n_rows": 1886,
  "macro_f1": 0.5211477262917447,
  "weighted_f1": 0.5925107930033511,
  "accuracy": 0.6322751322751323
}