{
  "target": "priority",
  "model": "logreg",
  "test_size": 0.2,
  "seed": 42,
  "n_rows": 1886,
  "macro_f1": 0.5737321876646113,
  "weighted_f1": 0.6069246622630151,
  "accuracy": 0.6243386243386243
}