{
  "target": "category",
  "model": "rf",
  "split_strategy": "stratified",
  "test_size": 0.2,
  "seed": 42,
  "n_rows": 1886,
  "macro_f1": 0.9843755815606454,
  "weighted_f1": 0.9841554782297514,
  "accuracy": 0.9841269841269841
}